{
	"credit": "Made with Blockbench",
	"textures": {
		"0": "block/color/stripped_spruce_log",
		"1": "block/color/gray",
		"2": "block/color/gray2",
		"3": "block/color/black",
		"4": "block/color/black2",
		"particle": "block/color/stripped_spruce_log"
	},
	"elements": [
		{
			"from": [0.35, -0.5, -9.2],
			"to": [1.65, 1.4, 1.8],
			"rotation": {"angle": -22.5, "axis": "x", "origin": [0, 1, -10]},
			"faces": {
				"north": {"uv": [0, 0, 2, 3], "rotation": 180, "texture": "#missing"},
				"east": {"uv": [0, 0, 6, 16], "rotation": 270, "texture": "#0"},
				"south": {"uv": [0, 0, 4, 8.75], "texture": "#0"},
				"west": {"uv": [6, 0, 0, 16], "rotation": 90, "texture": "#0"},
				"up": {"uv": [0, 0, 4, 16], "rotation": 180, "texture": "#0"},
				"down": {"uv": [0, 0, 4, 16], "texture": "#0"}
			}
		},
		{
			"from": [0.3, 3.9, 3],
			"to": [1.7, 5.5, 12],
			"rotation": {"angle": 0, "axis": "y", "origin": [0, 4, 6]},
			"faces": {
				"north": {"uv": [0, 0, 4, 6], "texture": "#0"},
				"east": {"uv": [5, 0, 0, 16], "rotation": 90, "texture": "#0"},
				"south": {"uv": [0, 0, 4, 16], "texture": "#0"},
				"west": {"uv": [0, 0, 7, 16], "rotation": 270, "texture": "#0"},
				"up": {"uv": [0, 0, 4, 16], "texture": "#0"},
				"down": {"uv": [0, 0, 4, 16], "texture": "#0"}
			}
		},
		{
			"from": [0.3, 5.5, 3],
			"to": [0.7, 5.7, 3.5],
			"rotation": {"angle": 0, "axis": "y", "origin": [0, 6, 6]},
			"faces": {
				"north": {"uv": [0, 0, 4, 6], "texture": "#0"},
				"east": {"uv": [5, 0, 0, 16], "rotation": 90, "texture": "#0"},
				"south": {"uv": [0, 13, 4, 16], "texture": "#0"},
				"west": {"uv": [0, 0, 7, 16], "rotation": 270, "texture": "#0"},
				"up": {"uv": [0, 13, 4, 16], "texture": "#0"},
				"down": {"uv": [0, 0, 4, 16], "texture": "#0"}
			}
		},
		{
			"from": [0.3, 4, 12],
			"to": [1.7, 5.5, 19],
			"rotation": {"angle": 0, "axis": "y", "origin": [0, 4, 13]},
			"faces": {
				"north": {"uv": [0, 0, 4, 6], "texture": "#0"},
				"east": {"uv": [5, 0, 0, 16], "rotation": 90, "texture": "#0"},
				"south": {"uv": [0, 0, 4, 16], "texture": "#0"},
				"west": {"uv": [0, 0, 7, 16], "rotation": 270, "texture": "#0"},
				"up": {"uv": [0, 0, 4, 16], "texture": "#0"},
				"down": {"uv": [0, 0, 4, 16], "texture": "#0"}
			}
		},
		{
			"from": [0.3, 4, 19],
			"to": [1.7, 5.5, 26],
			"rotation": {"angle": 0, "axis": "y", "origin": [0, 4, 20]},
			"faces": {
				"north": {"uv": [0, 0, 4, 6], "texture": "#0"},
				"east": {"uv": [5, 0, 0, 16], "rotation": 90, "texture": "#0"},
				"south": {"uv": [0, 0, 4, 16], "texture": "#0"},
				"west": {"uv": [0, 0, 7, 16], "rotation": 270, "texture": "#0"},
				"up": {"uv": [0, 0, 4, 16], "texture": "#0"},
				"down": {"uv": [0, 0, 4, 16], "texture": "#0"}
			}
		},
		{
			"from": [0.3, 0, -16],
			"to": [1.7, 3.3, -7],
			"rotation": {"angle": 0, "axis": "y", "origin": [0, 0, -16]},
			"faces": {
				"north": {"uv": [0, 0, 4, 6], "texture": "#0"},
				"east": {"uv": [10, 0, 0, 16], "rotation": 90, "texture": "#0"},
				"south": {"uv": [0, 0, 4, 16], "texture": "#0"},
				"west": {"uv": [0, 0, 10, 16], "rotation": 270, "texture": "#0"},
				"up": {"uv": [0, 0, 4, 16], "texture": "#0"},
				"down": {"uv": [0, 0, 4, 16], "texture": "#0"}
			}
		},
		{
			"from": [0.3, 3.8, 0],
			"to": [1.7, 5.9, 3],
			"rotation": {"angle": 0, "axis": "y", "origin": [0, 4, 1]},
			"faces": {
				"north": {"uv": [0, 0, 4, 6], "texture": "#0"},
				"east": {"uv": [7, 0, 0, 16], "rotation": 90, "texture": "#0"},
				"south": {"uv": [0, 0, 4, 16], "texture": "#0"},
				"west": {"uv": [0, 0, 7, 16], "rotation": 270, "texture": "#0"},
				"up": {"uv": [0, 0, 4, 16], "texture": "#0"},
				"down": {"uv": [0, 0, 4, 16], "texture": "#0"}
			}
		},
		{
			"from": [0.1, 4.7, 0.6],
			"to": [0.4, 5.3, 1.2],
			"rotation": {"angle": 0, "axis": "y", "origin": [-1, 4, 0]},
			"faces": {
				"north": {"uv": [0, 0, 4, 6], "texture": "#2"},
				"east": {"uv": [7, 0, 0, 16], "rotation": 90, "texture": "#2"},
				"south": {"uv": [0, 0, 4, 16], "texture": "#2"},
				"west": {"uv": [0, 0, 6, 16], "rotation": 270, "texture": "#2"},
				"up": {"uv": [0, 0, 4, 16], "texture": "#2"},
				"down": {"uv": [0, 0, 4, 16], "texture": "#2"}
			}
		},
		{
			"from": [0.1, 5.1, 2.5],
			"to": [0.4, 5.595, 3],
			"rotation": {"angle": 0, "axis": "y", "origin": [-1, 4, 2]},
			"faces": {
				"north": {"uv": [0, 0, 4, 6], "texture": "#2"},
				"east": {"uv": [7, 0, 0, 16], "rotation": 90, "texture": "#2"},
				"south": {"uv": [0, 0, 4, 16], "texture": "#2"},
				"west": {"uv": [0, 0, 6, 16], "rotation": 270, "texture": "#2"},
				"up": {"uv": [0, 0, 4, 16], "texture": "#2"},
				"down": {"uv": [0, 0, 4, 16], "texture": "#2"}
			}
		},
		{
			"from": [0.05, 5.3, 2.75],
			"to": [0.2, 5.8, 2.95],
			"rotation": {"angle": 0, "axis": "y", "origin": [-1, 4, 2]},
			"faces": {
				"north": {"uv": [0, 0, 4, 6], "texture": "#2"},
				"east": {"uv": [7, 0, 0, 16], "rotation": 90, "texture": "#2"},
				"south": {"uv": [0, 0, 4, 16], "texture": "#2"},
				"west": {"uv": [0, 0, 6, 16], "rotation": 270, "texture": "#2"},
				"up": {"uv": [0, 0, 4, 16], "texture": "#2"},
				"down": {"uv": [0, 0, 4, 16], "texture": "#2"}
			}
		},
		{
			"from": [0.04, 5.65, 2.8],
			"to": [0.195, 5.75, 2.9],
			"rotation": {"angle": 0, "axis": "y", "origin": [-1, 4, 2]},
			"faces": {
				"north": {"uv": [0, 0, 4, 6], "texture": "#3"},
				"east": {"uv": [7, 0, 0, 16], "rotation": 90, "texture": "#3"},
				"south": {"uv": [0, 0, 4, 16], "texture": "#3"},
				"west": {"uv": [0, 0, 6, 16], "rotation": 270, "texture": "#3"},
				"up": {"uv": [0, 0, 4, 16], "texture": "#3"},
				"down": {"uv": [0, 0, 4, 16], "texture": "#3"}
			}
		},
		{
			"from": [0, 5.3, 1.9],
			"to": [0.5, 5.6, 2.7],
			"rotation": {"angle": 0, "axis": "y", "origin": [-1, 4, 1]},
			"faces": {
				"north": {"uv": [0, 0, 4, 6], "texture": "#2"},
				"east": {"uv": [7, 0, 0, 16], "rotation": 90, "texture": "#2"},
				"south": {"uv": [0, 0, 4, 16], "texture": "#2"},
				"west": {"uv": [0, 0, 6, 16], "rotation": 270, "texture": "#2"},
				"up": {"uv": [0, 0, 16, 16], "texture": "#4"},
				"down": {"uv": [0, 0, 4, 16], "texture": "#2"}
			}
		},
		{
			"from": [0.055, 5.65, 1.95],
			"to": [0.195, 5.795, 2.9],
			"rotation": {"angle": 0, "axis": "y", "origin": [-1, 4, 1]},
			"faces": {
				"north": {"uv": [0, 0, 4, 6], "texture": "#1"},
				"east": {"uv": [7, 0, 0, 16], "rotation": 90, "texture": "#1"},
				"south": {"uv": [0, 0, 4, 16], "texture": "#1"},
				"west": {"uv": [0, 0, 6, 16], "rotation": 270, "texture": "#1"},
				"up": {"uv": [0, 0, 4, 16], "texture": "#1"},
				"down": {"uv": [0, 0, 4, 16], "texture": "#1"}
			}
		},
		{
			"from": [0.055, 6, 1.2],
			"to": [0.195, 6.6, 1.35],
			"rotation": {"angle": 22.5, "axis": "x", "origin": [-1, 4, 1]},
			"faces": {
				"north": {"uv": [0, 0, 4, 6], "texture": "#1"},
				"east": {"uv": [7, 0, 0, 16], "rotation": 90, "texture": "#1"},
				"south": {"uv": [0, 0, 4, 16], "texture": "#1"},
				"west": {"uv": [0, 0, 6, 16], "rotation": 270, "texture": "#1"},
				"up": {"uv": [0, 0, 4, 16], "texture": "#1"},
				"down": {"uv": [0, 0, 4, 16], "texture": "#1"}
			}
		},
		{
			"from": [0.05, 5.25, 0.7],
			"to": [0.2, 6.95, 0.9],
			"rotation": {"angle": 22.5, "axis": "x", "origin": [-1, 5, 0]},
			"faces": {
				"north": {"uv": [0, 0, 4, 6], "texture": "#2"},
				"east": {"uv": [7, 0, 0, 16], "rotation": 90, "texture": "#2"},
				"south": {"uv": [0, 0, 4, 16], "texture": "#2"},
				"west": {"uv": [0, 0, 6, 16], "rotation": 270, "texture": "#2"},
				"up": {"uv": [0, 0, 4, 16], "texture": "#2"},
				"down": {"uv": [0, 0, 4, 16], "texture": "#2"}
			}
		},
		{
			"from": [0.055, 6.45, 0.95],
			"to": [0.195, 6.52, 1.15],
			"rotation": {"angle": 22.5, "axis": "x", "origin": [-1, 5, 1]},
			"faces": {
				"north": {"uv": [0, 0, 4, 6], "texture": "#2"},
				"east": {"uv": [7, 0, 0, 16], "rotation": 90, "texture": "#2"},
				"south": {"uv": [0, 0, 4, 16], "texture": "#2"},
				"west": {"uv": [0, 0, 6, 16], "rotation": 270, "texture": "#2"},
				"up": {"uv": [0, 0, 4, 16], "texture": "#2"},
				"down": {"uv": [0, 0, 4, 16], "texture": "#2"}
			}
		},
		{
			"from": [0.055, 6.28, 0.95],
			"to": [0.195, 6.35, 1.15],
			"rotation": {"angle": 22.5, "axis": "x", "origin": [-1, 5, 1]},
			"faces": {
				"north": {"uv": [0, 0, 4, 6], "texture": "#2"},
				"east": {"uv": [7, 0, 0, 16], "rotation": 90, "texture": "#2"},
				"south": {"uv": [0, 0, 4, 16], "texture": "#2"},
				"west": {"uv": [0, 0, 6, 16], "rotation": 270, "texture": "#2"},
				"up": {"uv": [0, 0, 4, 16], "texture": "#2"},
				"down": {"uv": [0, 0, 4, 16], "texture": "#2"}
			}
		},
		{
			"from": [0.045, 6.35, 0.95],
			"to": [0.165, 6.45, 1.185],
			"rotation": {"angle": 22.5, "axis": "x", "origin": [-1, 5, 1]},
			"faces": {
				"north": {"uv": [0, 0, 4, 6], "texture": "#3"},
				"east": {"uv": [7, 0, 0, 16], "rotation": 90, "texture": "#3"},
				"south": {"uv": [0, 0, 4, 16], "texture": "#3"},
				"west": {"uv": [0, 0, 6, 16], "rotation": 270, "texture": "#3"},
				"up": {"uv": [0, 0, 4, 16], "texture": "#3"},
				"down": {"uv": [0, 0, 4, 16], "texture": "#3"}
			}
		},
		{
			"from": [0.2, 4.5, 0.5],
			"to": [0.3, 5.7, 3.5],
			"rotation": {"angle": 0, "axis": "y", "origin": [-1, 4, 0]},
			"faces": {
				"north": {"uv": [0, 0, 4, 6], "texture": "#2"},
				"east": {"uv": [7, 0, 0, 16], "rotation": 90, "texture": "#2"},
				"south": {"uv": [0, 0, 4, 16], "texture": "#2"},
				"west": {"uv": [0, 0, 6, 16], "rotation": 270, "texture": "#2"},
				"up": {"uv": [0, 0, 4, 16], "texture": "#2"},
				"down": {"uv": [0, 0, 4, 16], "texture": "#2"}
			}
		},
		{
			"from": [0.5, 5, 7],
			"to": [1.5, 5.8, 13],
			"rotation": {"angle": 0, "axis": "y", "origin": [0, 5, 10]},
			"faces": {
				"north": {"uv": [0, 2, 1, 3], "texture": "#1"},
				"east": {"uv": [0, 8, 15, 16], "texture": "#1"},
				"south": {"uv": [0, 0, 16, 16], "texture": "#1"},
				"west": {"uv": [0, 8, 15, 16], "texture": "#1"},
				"up": {"uv": [8, 16, 0, 0], "texture": "#1"},
				"down": {"uv": [2, 2, 1, 3], "texture": "#1"}
			}
		},
		{
			"from": [0.5, 5, 13],
			"to": [1.5, 5.8, 17],
			"rotation": {"angle": 0, "axis": "y", "origin": [0, 5, 14]},
			"faces": {
				"north": {"uv": [0, 2, 1, 3], "texture": "#1"},
				"east": {"uv": [0, 8, 15, 16], "texture": "#1"},
				"south": {"uv": [0, 0, 16, 16], "texture": "#1"},
				"west": {"uv": [0, 8, 15, 16], "texture": "#1"},
				"up": {"uv": [8, 16, 0, 0], "texture": "#1"},
				"down": {"uv": [2, 2, 1, 3], "texture": "#1"}
			}
		},
		{
			"from": [0.5, 5, 21],
			"to": [1.5, 5.8, 25],
			"rotation": {"angle": 0, "axis": "y", "origin": [0, 5, 22]},
			"faces": {
				"north": {"uv": [0, 2, 1, 3], "texture": "#1"},
				"east": {"uv": [0, 8, 15, 16], "texture": "#1"},
				"south": {"uv": [0, 0, 16, 16], "texture": "#1"},
				"west": {"uv": [0, 8, 15, 16], "texture": "#1"},
				"up": {"uv": [8, 16, 0, 0], "texture": "#1"},
				"down": {"uv": [2, 2, 1, 3], "texture": "#1"}
			}
		},
		{
			"from": [0.5, 5, 3],
			"to": [1.5, 5.8, 7],
			"rotation": {"angle": 0, "axis": "y", "origin": [0, 5, 4]},
			"faces": {
				"north": {"uv": [0, 2, 1, 3], "texture": "#1"},
				"east": {"uv": [0, 8, 16, 16], "texture": "#1"},
				"south": {"uv": [0, 0, 16, 16], "texture": "#1"},
				"west": {"uv": [16, 8, 0, 16], "texture": "#1"},
				"up": {"uv": [8, 16, 0, 0], "texture": "#1"},
				"down": {"uv": [2, 2, 1, 3], "texture": "#1"}
			}
		},
		{
			"from": [0.5, 5.8, 2],
			"to": [1.5, 6, 2.2],
			"rotation": {"angle": 0, "axis": "y", "origin": [0, 6, 0]},
			"faces": {
				"north": {"uv": [0, 0, 16, 16], "rotation": 270, "texture": "#1"},
				"east": {"uv": [0, 8, 16, 16], "texture": "#1"},
				"south": {"uv": [0, 0, 16, 16], "texture": "#1"},
				"west": {"uv": [16, 8, 0, 16], "texture": "#1"},
				"up": {"uv": [8, 16, 0, 0], "texture": "#1"},
				"down": {"uv": [2, 2, 1, 3], "texture": "#1"}
			}
		},
		{
			"from": [0.5, 6, 2],
			"to": [0.9, 6.1, 2.2],
			"rotation": {"angle": 0, "axis": "y", "origin": [0, 6, 0]},
			"faces": {
				"north": {"uv": [0, 0, 16, 16], "texture": "#1"},
				"east": {"uv": [0, 8, 16, 16], "texture": "#1"},
				"south": {"uv": [0, 0, 16, 16], "texture": "#1"},
				"west": {"uv": [16, 8, 0, 16], "texture": "#1"},
				"up": {"uv": [8, 16, 0, 0], "texture": "#1"},
				"down": {"uv": [2, 2, 1, 3], "texture": "#1"}
			}
		},
		{
			"from": [1.1, 6, 2],
			"to": [1.5, 6.1, 2.2],
			"rotation": {"angle": 0, "axis": "y", "origin": [0, 6, 0]},
			"faces": {
				"north": {"uv": [0, 0, 15, 16], "texture": "#1"},
				"east": {"uv": [0, 8, 16, 16], "texture": "#1"},
				"south": {"uv": [0, 0, 16, 16], "texture": "#1"},
				"west": {"uv": [16, 8, 0, 16], "texture": "#1"},
				"up": {"uv": [16, 16, 0, 0], "texture": "#1"},
				"down": {"uv": [2, 2, 1, 3], "texture": "#1"}
			}
		},
		{
			"from": [0.5, 5, 25],
			"to": [1.5, 5.8, 32],
			"rotation": {"angle": 0, "axis": "y", "origin": [0, 5, 26]},
			"faces": {
				"north": {"uv": [0, 2, 1, 3], "texture": "#1"},
				"east": {"uv": [0, 8, 15, 16], "texture": "#1"},
				"south": {"uv": [5, 7, 8, 10], "texture": "#1"},
				"west": {"uv": [0, 8, 15, 16], "texture": "#1"},
				"up": {"uv": [8, 16, 0, 0], "texture": "#1"},
				"down": {"uv": [2, 2, 1, 3], "texture": "#1"}
			}
		},
		{
			"from": [0.75, 4.3, 25],
			"to": [1.25, 4.8, 28],
			"rotation": {"angle": 0, "axis": "y", "origin": [0, 4, 26]},
			"faces": {
				"north": {"uv": [0, 2, 1, 3], "texture": "#1"},
				"east": {"uv": [0, 8, 15, 16], "texture": "#1"},
				"south": {"uv": [5, 7, 8, 10], "texture": "#1"},
				"west": {"uv": [0, 8, 15, 16], "texture": "#1"},
				"up": {"uv": [8, 16, 0, 0], "texture": "#1"},
				"down": {"uv": [2, 2, 1, 3], "texture": "#1"}
			}
		},
		{
			"from": [0.65, 4.2, 25],
			"to": [1.35, 4.9, 26.1],
			"rotation": {"angle": 0, "axis": "y", "origin": [1, 4, 26]},
			"faces": {
				"north": {"uv": [0, 2, 1, 3], "texture": "#2"},
				"east": {"uv": [0, 8, 15, 16], "texture": "#2"},
				"south": {"uv": [0, 0, 16, 16], "texture": "#2"},
				"west": {"uv": [0, 8, 15, 16], "texture": "#2"},
				"up": {"uv": [8, 16, 0, 0], "texture": "#2"},
				"down": {"uv": [2, 2, 1, 3], "texture": "#2"}
			}
		},
		{
			"from": [0.5, 5, 17],
			"to": [1.5, 5.8, 21],
			"rotation": {"angle": 0, "axis": "y", "origin": [0, 5, 18]},
			"faces": {
				"north": {"uv": [0, 2, 1, 3], "texture": "#1"},
				"east": {"uv": [0, 8, 15, 16], "texture": "#1"},
				"south": {"uv": [0, 0, 16, 16], "texture": "#1"},
				"west": {"uv": [0, 8, 15, 16], "texture": "#1"},
				"up": {"uv": [8, 16, 0, 0], "texture": "#1"},
				"down": {"uv": [2, 2, 1, 3], "texture": "#1"}
			}
		}
	],
	"display": {
		"thirdperson_righthand": {
			"rotation": [0, 180, 0],
			"translation": [-5.25, 4, -4],
			"scale": [0.75, 0.75, 0.6]
		},
		"thirdperson_lefthand": {
			"translation": [-5.5, 3.25, 8],
			"scale": [0.75, 0.75, 0.6]
		},
		"firstperson_righthand": {
			"rotation": [0, 180, 0],
			"translation": [-8.75, 6.25, -4.5]
		},
		"firstperson_lefthand": {
			"rotation": [-72, 0, 0],
			"translation": [-2.875, 9.75, 0]
		},
		"ground": {
			"scale": [0.5, 0.5, 0.5]
		},
		"gui": {
			"rotation": [20, -18, 0],
			"translation": [4.75, 1.5, 0],
			"scale": [0.75, 0.75, 0.75]
		},
		"head": {
			"translation": [6.75, 7.25, -31.25]
		},
		"fixed": {
			"rotation": [0, 90, 0],
			"translation": [0, 2.5, -6.5],
			"scale": [0.75, 0.75, 0.75]
		}
	},
	"groups": [
		{
			"name": "body",
			"origin": [0, 3, 13],
			"color": 0,
			"children": [0, 1, 2, 3, 4, 5, 6]
		},
		7,
		8,
		9,
		10,
		11,
		12,
		13,
		14,
		15,
		16,
		17,
		18,
		{
			"name": "bar",
			"origin": [0, 5, 10],
			"color": 0,
			"children": [19, 20, 21, 22, 23, 24, 25, 26, 27, 28, 29]
		}
	]
}